success,trial_type,trial_index,time_elapsed,internal_node_id,lags
TRUE,fullscreen,0,1788,0.0-0.0,
,travel,1,5277,0.0-1.0,"775.3449995070696,430.2400005981326,143.6149999499321,464.01000022888184,719.7300000116229,143.6999998986721,383.8100004941225,31.635000370442867,383.9649995788932"
