success,trial_type,trial_index,time_elapsed,internal_node_id,lags,keys
TRUE,fullscreen,0,1670,0.0-0.0,,
,travel,1,4727,0.0-1.0,"886.9150001555681,206.57499972730875,255.79500012099743,463.68000004440546,127.77999974787235,287.8800006583333,303.65500040352345,383.8849999010563,127.69500073045492","76,76,76,76,76,76,76,76,76"
,travel,2,6725,0.0-2.0,"523.7649995833635,191.67499989271164,223.8299995660782,223.71499985456467,159.81000009924173,143.75999942421913,159.86000001430511,159.769999794662,207.76000060141087","76,76,76,76,76,76,76,76,76"
,travel,3,8629,0.0-3.0,"222.59499970823526,191.58999994397163,175.74500013142824,175.71999970823526,159.85500067472458,175.69500021636486,175.87499972432852,191.73999968916178,431.84000067412853","76,76,76,76,76,76,76,76,76"
